player,role,batting_style,bowling_style,Image,team
MS Dhoni,Wicketkeeper Batter,Right hand Bat,Right arm Medium,"https://img1.hscicdn.com/image/upload/f_auto,t_h_100_2x/lsci/db/PICTURES/CMS/302400/302402.jpg",Chennai Super Kings
Akash Singh,Bowler,Right hand Bat,Left arm Medium fast,"https://img1.hscicdn.com/image/upload/f_auto,t_h_100_2x/lsci/db/PICTURES/CMS/315000/315007.jpg",Chennai Super Kings
Moeen Ali,Batting Allrounder,Left hand Bat,Right arm Offbreak,"https://img1.hscicdn.com/image/upload/f_auto,t_h_100_2x/lsci/db/PICTURES/CMS/289600/289661.1.jpg",Chennai Super Kings
Bhagath Varma,Bowling Allrounder,Right hand Bat,Right arm Offbreak,"https://img1.hscicdn.com/image/upload/f_auto,t_h_100_2x/lsci/db/PICTURES/CMS/356800/356833.1.png",Chennai Super Kings
Deepak Chahar,Bowler,Right hand Bat,Right arm Medium,"https://img1.hscicdn.com/image/upload/f_auto,t_h_100_2x/lsci/db/PICTURES/CMS/315000/315014.jpg",Chennai Super Kings
Devon Conway,Wicketkeeper Batter,Left hand Bat,Right arm Medium,"https://img1.hscicdn.com/image/upload/f_auto,t_h_100_2x/lsci/db/PICTURES/CMS/318500/318588.1.jpg",Chennai Super Kings
Tushar Deshpande,Bowler,Left hand Bat,Right arm Medium,"https://img1.hscicdn.com/image/upload/f_auto,t_h_100_2x/lsci/db/PICTURES/CMS/310600/310643.jpg",Chennai Super Kings
Shivam Dube,Allrounder,Left hand Bat,Right arm Medium,"https://img1.hscicdn.com/image/upload/f_auto,t_h_100_2x/lsci/db/PICTURES/CMS/356700/356768.1.png",Chennai Super Kings
Ruturaj Gaikwad,Batter,Right hand Bat,Right arm Offbreak,"https://img1.hscicdn.com/image/upload/f_auto,t_h_100_2x/lsci/db/PICTURES/CMS/356700/356779.1.png",Chennai Super Kings
Rajvardhan Hangargekar,Bowling Allrounder,Right hand Bat,Right arm Fast medium,"https://img1.hscicdn.com/image/upload/f_auto,t_h_100_2x/lsci/db/PICTURES/CMS/336200/336292.4.jpg",Chennai Super Kings
Ravindra Jadeja,Allrounder,Left hand Bat,Slow Left arm Orthodox,"https://img1.hscicdn.com/image/upload/f_auto,t_h_100_2x/lsci/db/PICTURES/CMS/302300/302394.jpg",Chennai Super Kings
Sisanda Magala,Bowler,Right hand Bat,Right arm Fast medium,"https://img1.hscicdn.com/image/upload/f_auto,t_h_100_2x/lsci/db/PICTURES/CMS/324700/324707.1.jpg",Chennai Super Kings
Ajay Mandal,Allrounder,Left hand Bat,Slow Left arm Orthodox,"https://img1.hscicdn.com/image/upload/f_auto,t_h_100_2x/lsci/db/PICTURES/CMS/314900/314902.jpg",Chennai Super Kings
Matheesha Pathirana,Bowler,Right hand Bat,Right arm Fast,"https://img1.hscicdn.com/image/upload/f_auto,t_h_100_2x/lsci/db/PICTURES/CMS/350000/350094.4.jpg",Chennai Super Kings
Dwaine Pretorius,Bowling Allrounder,Right hand Bat,Right arm Medium fast,"https://img1.hscicdn.com/image/upload/f_auto,t_h_100_2x/lsci/db/PICTURES/CMS/317900/317962.jpg",Chennai Super Kings
Ajinkya Rahane,Top order Batter,Right hand Bat,Right arm Medium,"https://img1.hscicdn.com/image/upload/f_auto,t_h_100_2x/lsci/db/PICTURES/CMS/312100/312159.png",Chennai Super Kings
Shaik Rasheed,Batter,Right hand Bat,Legbreak,"https://img1.hscicdn.com/image/upload/f_auto,t_h_100_2x/lsci/db/PICTURES/CMS/338100/338195.4.jpg",Chennai Super Kings
Ambati Rayudu,Middle order Batter,Right hand Bat,Right arm Offbreak,"https://img1.hscicdn.com/image/upload/f_auto,t_h_100_2x/lsci/db/PICTURES/CMS/309000/309096.png",Chennai Super Kings
Mitchell Santner,Bowling Allrounder,Left hand Bat,Slow Left arm Orthodox,"https://img1.hscicdn.com/image/upload/f_auto,t_h_100_2x/lsci/db/PICTURES/CMS/356800/356846.1.png",Chennai Super Kings
Subhranshu Senapati,Top order Batter,Right hand Bat,Right arm Medium,"https://img1.hscicdn.com/image/upload/f_auto,t_h_100_2x/lsci/db/PICTURES/CMS/356800/356837.1.png",Chennai Super Kings
Simarjeet Singh,Bowler,Right hand Bat,Right arm Medium fast,"https://img1.hscicdn.com/image/upload/f_auto,t_h_100_2x/lsci/db/PICTURES/CMS/356800/356835.1.png",Chennai Super Kings
Nishant Sindhu,Allrounder,Left hand Bat,Slow Left arm Orthodox,"https://img1.hscicdn.com/image/upload/f_auto,t_h_100_2x/lsci/db/PICTURES/CMS/338200/338260.4.jpg",Chennai Super Kings
Prashant Solanki,Bowler,Right hand Bat,Legbreak,"https://img1.hscicdn.com/image/upload/f_auto,t_h_100_2x/lsci/db/PICTURES/CMS/356800/356836.1.png",Chennai Super Kings
Ben Stokes,Allrounder,Left hand Bat,Right arm Fast medium,"https://img1.hscicdn.com/image/upload/f_auto,t_h_100_2x/lsci/db/PICTURES/CMS/305000/305019.jpg",Chennai Super Kings
Maheesh Theekshana,Bowler,Right hand Bat,Right arm Offbreak,"https://img1.hscicdn.com/image/upload/f_auto,t_h_100_2x/lsci/db/PICTURES/CMS/336200/336296.4.jpg",Chennai Super Kings
Kyle Jamieson,Bowler,Right hand Bat,Right arm Fast medium,"https://img1.hscicdn.com/image/upload/f_auto,t_h_100_2x/lsci/db/PICTURES/CMS/303500/303584.jpg",Chennai Super Kings
Mukesh Choudhary,Bowler,Left hand Bat,Left arm Medium,"https://img1.hscicdn.com/image/upload/f_auto,t_h_100_2x/lsci/db/PICTURES/CMS/356800/356834.1.png",Chennai Super Kings
David Warner,Opening Batter,Left hand Bat,Legbreak,"https://img1.hscicdn.com/image/upload/f_auto,t_h_100_2x/lsci/db/PICTURES/CMS/263500/263541.1.jpg",Delhi Capitals
Abishek Porel,Wicketkeeper Batter,Left hand Bat,DNB,https://wassets.hscicdn.com/static/images/player-jersey.svg,Delhi Capitals
Khaleel Ahmed,Bowler,Right hand Bat,Left arm Medium,"https://img1.hscicdn.com/image/upload/f_auto,t_h_100_2x/lsci/db/PICTURES/CMS/315000/315022.jpg",Delhi Capitals
Aman Hakim Khan,Allrounder,Right hand Bat,Right arm Medium,"https://img1.hscicdn.com/image/upload/f_auto,t_h_100_2x/lsci/db/PICTURES/CMS/338100/338165.4.jpg",Delhi Capitals
Yash Dhull,Top order Batter,Right hand Bat,Right arm Offbreak,"https://img1.hscicdn.com/image/upload/f_auto,t_h_100_2x/lsci/db/PICTURES/CMS/336800/336898.4.jpg",Delhi Capitals
Praveen Dubey,Bowler,Right hand Bat,Legbreak Googly,"https://img1.hscicdn.com/image/upload/f_auto,t_h_100_2x/lsci/db/PICTURES/CMS/310700/310753.jpg",Delhi Capitals
Priyam Garg,Top order Batter,Right hand Bat,Right arm Medium,"https://img1.hscicdn.com/image/upload/f_auto,t_h_100_2x/lsci/db/PICTURES/CMS/309000/309082.png",Delhi Capitals
Sarfaraz Khan,Middle order Batter,Right hand Bat,Legbreak,"https://img1.hscicdn.com/image/upload/f_auto,t_h_100_2x/lsci/db/PICTURES/CMS/336800/336899.4.jpg",Delhi Capitals
Kuldeep Yadav,Bowler,Left hand Bat,Left arm Wrist spin,"https://img1.hscicdn.com/image/upload/f_auto,t_h_100_2x/lsci/db/PICTURES/CMS/304200/304208.png",Delhi Capitals
Lalit Yadav,Allrounder,Right hand Bat,Right arm Offbreak,"https://img1.hscicdn.com/image/upload/f_auto,t_h_100_2x/lsci/db/PICTURES/CMS/336900/336900.4.jpg",Delhi Capitals
Mitchell Marsh,Allrounder,Right hand Bat,Right arm Medium,"https://img1.hscicdn.com/image/upload/f_auto,t_h_100_2x/lsci/db/PICTURES/CMS/356700/356780.1.png",Delhi Capitals
Mukesh Kumar,Bowler,Right hand Bat,Right arm Medium,https://wassets.hscicdn.com/static/images/player-jersey.svg,Delhi Capitals
Mustafizur Rahman,Bowler,Left hand Bat,Left arm Fast medium,"https://img1.hscicdn.com/image/upload/f_auto,t_h_100_2x/lsci/db/PICTURES/CMS/263500/263578.jpg",Delhi Capitals
Lungi Ngidi,Bowler,Right hand Bat,Right arm Fast medium,"https://img1.hscicdn.com/image/upload/f_auto,t_h_100_2x/lsci/db/PICTURES/CMS/317900/317951.jpg",Delhi Capitals
Anrich Nortje,Bowler,Right hand Bat,Right arm Fast,"https://img1.hscicdn.com/image/upload/f_auto,t_h_100_2x/lsci/db/PICTURES/CMS/317900/317968.jpg",Delhi Capitals
Vicky Ostwal,Bowler,Right hand Bat,Slow Left arm Orthodox,"https://img1.hscicdn.com/image/upload/f_auto,t_h_100_2x/lsci/db/PICTURES/CMS/336900/336901.4.jpg",Delhi Capitals
Manish Pandey,Top order Batter,Right hand Bat,Right arm Medium,"https://img1.hscicdn.com/image/upload/f_auto,t_h_100_2x/lsci/db/PICTURES/CMS/302500/302572.jpg",Delhi Capitals
Ripal Patel,Middle order Batter,Right hand Bat,Right arm Medium fast,"https://img1.hscicdn.com/image/upload/f_auto,t_h_100_2x/lsci/db/PICTURES/CMS/356800/356826.1.png",Delhi Capitals
Axar Patel,Bowling Allrounder,Left hand Bat,Slow Left arm Orthodox,"https://img1.hscicdn.com/image/upload/f_auto,t_h_100_2x/lsci/db/PICTURES/CMS/329300/329344.4.jpg",Delhi Capitals
Rovman Powell,Middle order Batter,Right hand Bat,Right arm Medium fast,"https://img1.hscicdn.com/image/upload/f_auto,t_h_100_2x/lsci/db/PICTURES/CMS/246200/246267.1.jpg",Delhi Capitals
Rilee Rossouw,Top order Batter,Left hand Bat,Right arm Offbreak,"https://img1.hscicdn.com/image/upload/f_auto,t_h_100_2x/lsci/db/PICTURES/CMS/312100/312176.png",Delhi Capitals
Chetan Sakariya,Bowler,Left hand Bat,Left arm Medium fast,"https://img1.hscicdn.com/image/upload/f_auto,t_h_100_2x/lsci/db/PICTURES/CMS/317200/317213.jpg",Delhi Capitals
Phil Salt,Wicketkeeper Batter,Right hand Bat,Right arm Offbreak,"https://img1.hscicdn.com/image/upload/f_auto,t_h_100_2x/lsci/db/PICTURES/CMS/312100/312181.png",Delhi Capitals
Ishant Sharma,Bowler,Right hand Bat,Right arm Fast medium,"https://img1.hscicdn.com/image/upload/f_auto,t_h_100_2x/lsci/db/PICTURES/CMS/302300/302388.jpg",Delhi Capitals
Prithvi Shaw,Opening Batter,Right hand Bat,Right arm Offbreak,"https://img1.hscicdn.com/image/upload/f_auto,t_h_100_2x/lsci/db/PICTURES/CMS/356800/356848.1.png",Delhi Capitals
Kamlesh Nagarkoti,Bowler,Right hand Bat,Right arm Fast,"https://img1.hscicdn.com/image/upload/f_auto,t_h_100_2x/lsci/db/PICTURES/CMS/271800/271894.4.jpg",Delhi Capitals
Rishabh Pant,Wicketkeeper Batter,Left hand Bat,DNB,"https://img1.hscicdn.com/image/upload/f_auto,t_h_100_2x/lsci/db/PICTURES/CMS/304200/304221.png",Delhi Capitals
Hardik Pandya,Allrounder,Right hand Bat,Right arm Medium fast,"https://img1.hscicdn.com/image/upload/f_auto,t_h_100_2x/lsci/db/PICTURES/CMS/304200/304201.png",Gujarat Titans 
Srikar Bharat,Wicketkeeper Batter,Right hand Bat,DNB,"https://img1.hscicdn.com/image/upload/f_auto,t_h_100_2x/lsci/db/PICTURES/CMS/314800/314851.png",Gujarat Titans 
Alzarri Joseph,Bowler,Right hand Bat,Right arm Fast,"https://img1.hscicdn.com/image/upload/f_auto,t_h_100_2x/lsci/db/PICTURES/CMS/321900/321943.png",Gujarat Titans 
Josh Little,Bowler,Right hand Bat,Left arm Fast medium,"https://img1.hscicdn.com/image/upload/f_auto,t_h_100_2x/lsci/db/PICTURES/CMS/257600/257637.1.jpg",Gujarat Titans 
Abhinav Manohar,Batting Allrounder,Right hand Bat,Legbreak Googly,https://wassets.hscicdn.com/static/images/player-jersey.svg,Gujarat Titans 
David Miller,Middle order Batter,Left hand Bat,Right arm Offbreak,"https://img1.hscicdn.com/image/upload/f_auto,t_h_100_2x/lsci/db/PICTURES/CMS/317900/317964.jpg",Gujarat Titans 
Mohammed Shami,Bowler,Right hand Bat,Right arm Fast,"https://img1.hscicdn.com/image/upload/f_auto,t_h_100_2x/lsci/db/PICTURES/CMS/304200/304210.png",Gujarat Titans 
Darshan Nalkande,Bowler,Right hand Bat,Right arm Fast medium,"https://img1.hscicdn.com/image/upload/f_auto,t_h_100_2x/lsci/db/PICTURES/CMS/357400/357411.1.jpg",Gujarat Titans 
Noor Ahmad,Bowler,Right hand Bat,Left arm Wrist spin,"https://img1.hscicdn.com/image/upload/f_auto,t_h_100_2x/lsci/db/PICTURES/CMS/311200/311270.jpg",Gujarat Titans 
Urvil Patel,Wicketkeeper Batter,Right hand Bat,DNB,https://wassets.hscicdn.com/static/images/player-jersey.svg,Gujarat Titans 
Rashid Khan,Bowling Allrounder,Right hand Bat,Legbreak Googly,"https://img1.hscicdn.com/image/upload/f_auto,t_h_100_2x/lsci/db/PICTURES/CMS/289200/289234.1.jpg",Gujarat Titans 
Wriddhiman Saha,Wicketkeeper Batter,Right hand Bat,DNB,"https://img1.hscicdn.com/image/upload/f_auto,t_h_100_2x/lsci/db/PICTURES/CMS/302300/302390.jpg",Gujarat Titans 
Ravisrinivasan Sai Kishore,Bowler,Left hand Bat,Slow Left arm Orthodox,https://wassets.hscicdn.com/static/images/player-jersey.svg,Gujarat Titans 
Sai Sudharsan,Top order Batter,Left hand Bat,Legbreak,"https://img1.hscicdn.com/image/upload/f_auto,t_h_100_2x/lsci/db/PICTURES/CMS/356800/356851.1.png",Gujarat Titans 
Pradeep Sangwan,Bowler,Right hand Bat,Left arm Medium,"https://img1.hscicdn.com/image/upload/f_auto,t_h_100_2x/lsci/db/PICTURES/CMS/337400/337448.15.jpg",Gujarat Titans 
Dasun Shanaka,Allrounder,Right hand Bat,Right arm Medium,"https://img1.hscicdn.com/image/upload/f_auto,t_h_100_2x/lsci/db/PICTURES/CMS/327900/327999.7.jpg",Gujarat Titans 
Vijay Shankar,Allrounder,Right hand Bat,Right arm Medium,"https://img1.hscicdn.com/image/upload/f_auto,t_h_100_2x/lsci/db/PICTURES/CMS/289600/289614.1.jpg",Gujarat Titans 
Mohit Sharma,Bowler,Right hand Bat,Right arm Medium,"https://img1.hscicdn.com/image/upload/f_auto,t_h_100_2x/lsci/db/PICTURES/CMS/307400/307489.png",Gujarat Titans 
Shivam Mavi,Bowler,Right hand Bat,Right arm Fast medium,"https://img1.hscicdn.com/image/upload/f_auto,t_h_100_2x/lsci/db/PICTURES/CMS/338100/338173.4.jpg",Gujarat Titans 
Shubman Gill,Opening Batter,Right hand Bat,Right arm Offbreak,"https://img1.hscicdn.com/image/upload/f_auto,t_h_100_2x/lsci/db/PICTURES/CMS/312100/312153.jpg",Gujarat Titans 
Odean Smith,Bowling Allrounder,Right hand Bat,Right arm Fast medium,"https://img1.hscicdn.com/image/upload/f_auto,t_h_100_2x/lsci/db/PICTURES/CMS/348100/348147.4.jpg",Gujarat Titans 
Rahul Tewatia,Bowling Allrounder,Left hand Bat,Legbreak,"https://img1.hscicdn.com/image/upload/f_auto,t_h_100_2x/lsci/db/PICTURES/CMS/184200/184293.jpg",Gujarat Titans 
Matthew Wade,Wicketkeeper Batter,Left hand Bat,Right arm Medium,"https://img1.hscicdn.com/image/upload/f_auto,t_h_100_2x/lsci/db/PICTURES/CMS/263500/263523.1.jpg",Gujarat Titans 
Jayant Yadav,Bowler,Right hand Bat,Right arm Offbreak,"https://img1.hscicdn.com/image/upload/f_auto,t_h_100_2x/lsci/db/PICTURES/CMS/356700/356781.1.png",Gujarat Titans 
Yash Dayal,Bowler,Right hand Bat,Left arm Medium fast,"https://img1.hscicdn.com/image/upload/f_auto,t_h_100_2x/lsci/db/PICTURES/CMS/357400/357416.2.jpg",Gujarat Titans 
Kane Williamson,Top order Batter,Right hand Bat,DNB,"https://img1.hscicdn.com/image/upload/f_auto,t_h_100_2x/lsci/db/PICTURES/CMS/303600/303652.png",Gujarat Titans 
Nitish Rana,Middle order Batter,Left hand Bat,Right arm Offbreak,"https://img1.hscicdn.com/image/upload/f_auto,t_h_100_2x/lsci/db/PICTURES/CMS/356700/356782.1.png",Kolkata Knight Riders
Aarya Desai,Opening Batter,Left hand Bat,Right arm Offbreak,https://wassets.hscicdn.com/static/images/player-jersey.svg,Kolkata Knight Riders
Vaibhav Arora,Bowler,Right hand Bat,Right arm Fast medium,"https://img1.hscicdn.com/image/upload/f_auto,t_h_100_2x/lsci/db/PICTURES/CMS/357000/357019.1.png",Kolkata Knight Riders
Johnson Charles,Wicketkeeper Batter,Right hand Bat,DNB,"https://img1.hscicdn.com/image/upload/f_auto,t_h_100_2x/lsci/db/PICTURES/CMS/144900/144991.1.jpg",Kolkata Knight Riders
Lockie Ferguson,Bowler,Right hand Bat,Right arm Fast,"https://img1.hscicdn.com/image/upload/f_auto,t_h_100_2x/lsci/db/PICTURES/CMS/303800/303800.png",Kolkata Knight Riders
Harshit Rana,Bowler,Right hand Bat,Right arm Fast,"https://img1.hscicdn.com/image/upload/f_auto,t_h_100_2x/lsci/db/PICTURES/CMS/357000/357017.1.png",Kolkata Knight Riders
Venkatesh Iyer,Allrounder,Left hand Bat,Right arm Medium,"https://img1.hscicdn.com/image/upload/f_auto,t_h_100_2x/lsci/db/PICTURES/CMS/328700/328712.1.jpg",Kolkata Knight Riders
Narayan Jagadeesan,Opening Batter,Right hand Bat,DNB,"https://img1.hscicdn.com/image/upload/f_auto,t_h_100_2x/lsci/db/PICTURES/CMS/309100/309103.square.png",Kolkata Knight Riders
Kulwant Khejroliya,Bowler,Left hand Bat,Left arm Medium fast,"https://img1.hscicdn.com/image/upload/f_auto,t_h_100_2x/lsci/db/PICTURES/CMS/357000/357018.1.png",Kolkata Knight Riders
Mandeep Singh,Allrounder,Right hand Bat,Right arm Medium,"https://img1.hscicdn.com/image/upload/f_auto,t_h_100_2x/lsci/db/PICTURES/CMS/356800/356825.1.png",Kolkata Knight Riders
Sunil Narine,Bowling Allrounder,Left hand Bat,Right arm Offbreak,"https://img1.hscicdn.com/image/upload/f_auto,t_h_100_2x/lsci/db/PICTURES/CMS/203300/203303.1.jpg",Kolkata Knight Riders
Rahmanullah Gurbaz,Wicketkeeper Batter,Right hand Bat,DNB,"https://img1.hscicdn.com/image/upload/f_auto,t_h_100_2x/lsci/db/PICTURES/CMS/357000/357020.1.png",Kolkata Knight Riders
Jason Roy,Opening Batter,Right hand Bat,DNB,"https://img1.hscicdn.com/image/upload/f_auto,t_h_100_2x/lsci/db/PICTURES/CMS/303900/303963.jpg",Kolkata Knight Riders
Anukul Roy,Allrounder,Left hand Bat,Slow Left arm Orthodox,"https://img1.hscicdn.com/image/upload/f_auto,t_h_100_2x/lsci/db/PICTURES/CMS/338100/338166.4.jpg",Kolkata Knight Riders
Andre Russell,Allrounder,Right hand Bat,Right arm Fast,"https://img1.hscicdn.com/image/upload/f_auto,t_h_100_2x/lsci/db/PICTURES/CMS/308900/308972.png",Kolkata Knight Riders
Rinku Singh,Middle order Batter,Left hand Bat,Right arm Offbreak,"https://img1.hscicdn.com/image/upload/f_auto,t_h_100_2x/lsci/db/PICTURES/CMS/338100/338171.4.jpg",Kolkata Knight Riders
Tim Southee,Bowler,Right hand Bat,Right arm Medium fast,"https://img1.hscicdn.com/image/upload/f_auto,t_h_100_2x/lsci/db/PICTURES/CMS/303600/303610.png",Kolkata Knight Riders
Suyash Sharma,Bowler,Right hand Bat,Legbreak Googly,"https://img1.hscicdn.com/image/upload/f_auto,t_h_100_2x/lsci/db/PICTURES/CMS/357000/357016.1.png",Kolkata Knight Riders
Shardul Thakur,Bowler,Right hand Bat,Right arm Medium,"https://img1.hscicdn.com/image/upload/f_auto,t_h_100_2x/lsci/db/PICTURES/CMS/302300/302372.jpg",Kolkata Knight Riders
Varun Chakravarthy,Bowler,Right hand Bat,Legbreak Googly,"https://img1.hscicdn.com/image/upload/f_auto,t_h_100_2x/lsci/db/PICTURES/CMS/329300/329347.4.jpg",Kolkata Knight Riders
David Wiese,Allrounder,Right hand Bat,Right arm Medium fast,"https://img1.hscicdn.com/image/upload/f_auto,t_h_100_2x/lsci/db/PICTURES/CMS/312100/312185.png",Kolkata Knight Riders
Umesh Yadav,Bowler,Right hand Bat,Right arm Fast,"https://img1.hscicdn.com/image/upload/f_auto,t_h_100_2x/lsci/db/PICTURES/CMS/302300/302396.jpg",Kolkata Knight Riders
Shreyas Iyer,Top order Batter,Right hand Bat,Right arm Offbreak,"https://img1.hscicdn.com/image/upload/f_auto,t_h_100_2x/lsci/db/PICTURES/CMS/309100/309198.1.jpg",Kolkata Knight Riders
Litton Das,Wicketkeeper Batter,Right hand Bat,Right arm Offbreak,"https://img1.hscicdn.com/image/upload/f_auto,t_h_100_2x/lsci/db/PICTURES/CMS/302900/302995.jpg",Kolkata Knight Riders
Shakib Al Hasan,Allrounder,Left hand Bat,Slow Left arm Orthodox,"https://img1.hscicdn.com/image/upload/f_auto,t_h_100_2x/lsci/db/PICTURES/CMS/303100/303157.jpg",Kolkata Knight Riders
Krunal Pandya,Allrounder,Left hand Bat,Slow Left arm Orthodox,"https://img1.hscicdn.com/image/upload/f_auto,t_h_100_2x/lsci/db/PICTURES/CMS/309000/309070.jpg",Lucknow Super Giants
Avesh Khan,Bowler,Right hand Bat,Right arm Fast medium,"https://img1.hscicdn.com/image/upload/f_auto,t_h_100_2x/lsci/db/PICTURES/CMS/200000/200065.1.jpg",Lucknow Super Giants
Ayush Badoni,Batter,Right hand Bat,Right arm Offbreak,https://wassets.hscicdn.com/static/images/player-jersey.svg,Lucknow Super Giants
Quinton de Kock,Wicketkeeper Batter,Left hand Bat,DNB,"https://img1.hscicdn.com/image/upload/f_auto,t_h_100_2x/lsci/db/PICTURES/CMS/317900/317947.jpg",Lucknow Super Giants
Krishnappa Gowtham,Bowling Allrounder,Right hand Bat,Right arm Offbreak,"https://img1.hscicdn.com/image/upload/f_auto,t_h_100_2x/lsci/db/PICTURES/CMS/356800/356850.1.png",Lucknow Super Giants
Arpit Guleria,Bowler,Right hand Bat,Right arm Medium,"https://img1.hscicdn.com/image/upload/f_auto,t_h_100_2x/lsci/db/PICTURES/CMS/315100/315165.jpg",Lucknow Super Giants
Deepak Hooda,Allrounder,Right hand Bat,Right arm Offbreak,"https://img1.hscicdn.com/image/upload/f_auto,t_h_100_2x/lsci/db/PICTURES/CMS/343200/343251.4.jpg",Lucknow Super Giants
Prerak Mankad,Allrounder,Right hand Bat,Right arm Medium,https://wassets.hscicdn.com/static/images/player-jersey.svg,Lucknow Super Giants
Kyle Mayers,Batting Allrounder,Left hand Bat,Right arm Medium,"https://img1.hscicdn.com/image/upload/f_auto,t_h_100_2x/lsci/db/PICTURES/CMS/316000/316081.png",Lucknow Super Giants
Amit Mishra,Bowler,Right hand Bat,Legbreak,"https://img1.hscicdn.com/image/upload/f_auto,t_h_100_2x/lsci/db/PICTURES/CMS/304100/304193.png",Lucknow Super Giants
Mohsin Khan,Bowler,Left hand Bat,Left arm Medium fast,"https://img1.hscicdn.com/image/upload/f_auto,t_h_100_2x/lsci/db/PICTURES/CMS/357400/357414.3.jpg",Lucknow Super Giants
Naveen-ul-Haq,Bowler,Right hand Bat,Right arm Medium fast,"https://img1.hscicdn.com/image/upload/f_auto,t_h_100_2x/lsci/db/PICTURES/CMS/303200/303285.jpg",Lucknow Super Giants
Nicholas Pooran,Wicketkeeper Batter,Left hand Bat,Right arm Offbreak,"https://img1.hscicdn.com/image/upload/f_auto,t_h_100_2x/lsci/db/PICTURES/CMS/302200/302286.jpg",Lucknow Super Giants
Ravi Bishnoi,Bowler,Right hand Bat,Legbreak Googly,"https://img1.hscicdn.com/image/upload/f_auto,t_h_100_2x/lsci/db/PICTURES/CMS/335000/335051.4.jpg",Lucknow Super Giants
Daniel Sams,Allrounder,Right hand Bat,Left arm Fast medium,"https://img1.hscicdn.com/image/upload/f_auto,t_h_100_2x/lsci/db/PICTURES/CMS/309000/309061.png",Lucknow Super Giants
Karan Sharma,Allrounder,Right hand Bat,Right arm Offbreak,"https://img1.hscicdn.com/image/upload/f_auto,t_h_100_2x/lsci/db/PICTURES/CMS/357400/357412.3.jpg",Lucknow Super Giants
Romario Shepherd,Bowling Allrounder,Right hand Bat,Right arm Fast medium,"https://img1.hscicdn.com/image/upload/f_auto,t_h_100_2x/lsci/db/PICTURES/CMS/322000/322037.png",Lucknow Super Giants
Marcus Stoinis,Batting Allrounder,Right hand Bat,Right arm Medium,"https://img1.hscicdn.com/image/upload/f_auto,t_h_100_2x/lsci/db/PICTURES/CMS/309100/309100.jpg",Lucknow Super Giants
Swapnil Singh,Bowler,Right hand Bat,Slow Left arm Orthodox,"https://img1.hscicdn.com/image/upload/f_auto,t_h_100_2x/lsci/db/PICTURES/CMS/357000/357025.1.png",Lucknow Super Giants
Jaydev Unadkat,Bowler,Right hand Bat,Left arm Medium,"https://img1.hscicdn.com/image/upload/f_auto,t_h_100_2x/lsci/db/PICTURES/CMS/302300/302392.jpg",Lucknow Super Giants
Manan Vohra,Opening Batter,Right hand Bat,Right arm Medium,"https://img1.hscicdn.com/image/upload/f_auto,t_h_100_2x/lsci/db/PICTURES/CMS/356700/356788.1.png",Lucknow Super Giants
Mark Wood,Bowler,Right hand Bat,Right arm Fast,"https://img1.hscicdn.com/image/upload/f_auto,t_h_100_2x/lsci/db/PICTURES/CMS/303900/303977.jpg",Lucknow Super Giants
Yash Thakur,Bowler,Right hand Bat,Right arm Fast medium,"https://img1.hscicdn.com/image/upload/f_auto,t_h_100_2x/lsci/db/PICTURES/CMS/356700/356790.1.png",Lucknow Super Giants
Yudhvir Singh,Bowler,Right hand Bat,Right arm Medium fast,"https://img1.hscicdn.com/image/upload/f_auto,t_h_100_2x/lsci/db/PICTURES/CMS/314700/314789.jpg",Lucknow Super Giants
KL Rahul,Wicketkeeper Batter,Right hand Bat,DNB,"https://img1.hscicdn.com/image/upload/f_auto,t_h_100_2x/lsci/db/PICTURES/CMS/304200/304207.png",Lucknow Super Giants
Mayank Yadav,Bowler,Right hand Bat,Right arm Medium fast,"https://img1.hscicdn.com/image/upload/f_auto,t_h_100_2x/lsci/db/PICTURES/CMS/358700/358724.4.jpg",Lucknow Super Giants
Rohit Sharma,Top order Batter,Right hand Bat,Right arm Offbreak,"https://img1.hscicdn.com/image/upload/f_auto,t_h_100_2x/lsci/db/PICTURES/CMS/302300/302374.jpg",Mumbai Indians
Arshad Khan,Bowler,Left hand Bat,Left arm Medium,https://wassets.hscicdn.com/static/images/player-jersey.svg,Mumbai Indians
Jason Behrendorff,Bowler,Right hand Bat,Left arm Fast medium,"https://img1.hscicdn.com/image/upload/f_auto,t_h_100_2x/lsci/db/PICTURES/CMS/289900/289948.jpg",Mumbai Indians
Dewald Brevis,Batting Allrounder,Right hand Bat,Legbreak,"https://img1.hscicdn.com/image/upload/f_auto,t_h_100_2x/lsci/db/PICTURES/CMS/333900/333935.4.jpg",Mumbai Indians
Piyush Chawla,Bowling Allrounder,Left hand Bat,Legbreak,"https://img1.hscicdn.com/image/upload/f_auto,t_h_100_2x/lsci/db/PICTURES/CMS/304200/304219.png",Mumbai Indians
Tim David,Middle order Batter,Right hand Bat,Right arm Offbreak,"https://img1.hscicdn.com/image/upload/f_auto,t_h_100_2x/lsci/db/PICTURES/CMS/313600/313639.1.jpg",Mumbai Indians
Raghav Goyal,Bowler,Left hand Bat,Left arm Wrist spin,"https://img1.hscicdn.com/image/upload/f_auto,t_h_100_2x/lsci/db/PICTURES/CMS/357600/357635.4.jpg",Mumbai Indians
Cameron Green,Batting Allrounder,Right hand Bat,Right arm Fast medium,"https://img1.hscicdn.com/image/upload/f_auto,t_h_100_2x/lsci/db/PICTURES/CMS/315600/315603.jpg",Mumbai Indians
Ishan Kishan,Wicketkeeper Batter,Left hand Bat,DNB,"https://img1.hscicdn.com/image/upload/f_auto,t_h_100_2x/lsci/db/PICTURES/CMS/329300/329345.4.jpg",Mumbai Indians
Duan Jansen,Bowler,Right hand Bat,Left arm Fast,"https://img1.hscicdn.com/image/upload/f_auto,t_h_100_2x/lsci/db/PICTURES/CMS/357600/357638.3.jpg",Mumbai Indians
Chris Jordan,Bowler,Right hand Bat,Right arm Fast medium,"https://img1.hscicdn.com/image/upload/f_auto,t_h_100_2x/lsci/db/PICTURES/CMS/303900/303926.jpg",Mumbai Indians
Kumar Kartikeya,Bowler,Right hand Bat,Slow Left arm Orthodox,"https://img1.hscicdn.com/image/upload/f_auto,t_h_100_2x/lsci/db/PICTURES/CMS/357600/357637.4.jpg",Mumbai Indians
Akash Madhwal,Bowler,Right hand Bat,Right arm Medium fast,"https://img1.hscicdn.com/image/upload/f_auto,t_h_100_2x/lsci/db/PICTURES/CMS/314900/314988.png",Mumbai Indians
Riley Meredith,Bowler,Right hand Bat,Right arm Fast,"https://img1.hscicdn.com/image/upload/f_auto,t_h_100_2x/lsci/db/PICTURES/CMS/313600/313637.1.jpg",Mumbai Indians
Shams Mulani,Allrounder,Left hand Bat,Slow Left arm Orthodox,"https://img1.hscicdn.com/image/upload/f_auto,t_h_100_2x/lsci/db/PICTURES/CMS/357800/357845.1.png",Mumbai Indians
Ramandeep Singh,Middle order Batter,Right hand Bat,Right arm Medium,"https://img1.hscicdn.com/image/upload/f_auto,t_h_100_2x/lsci/db/PICTURES/CMS/357800/357844.1.png",Mumbai Indians
Sandeep Warrier,Bowler,Right hand Bat,Right arm Medium,"https://img1.hscicdn.com/image/upload/f_auto,t_h_100_2x/lsci/db/PICTURES/CMS/357400/357470.3.jpg",Mumbai Indians
Hrithik Shokeen,Bowler,Right hand Bat,Right arm Offbreak,"https://img1.hscicdn.com/image/upload/f_auto,t_h_100_2x/lsci/db/PICTURES/CMS/357600/357636.4.jpg",Mumbai Indians
Tristan Stubbs,Wicketkeeper Batter,Right hand Bat,Right arm Offbreak,"https://img1.hscicdn.com/image/upload/f_auto,t_h_100_2x/lsci/db/PICTURES/CMS/345900/345940.4.jpg",Mumbai Indians
Arjun Tendulkar,Bowler,Left hand Bat,Left arm Medium fast,"https://img1.hscicdn.com/image/upload/f_auto,t_h_100_2x/lsci/db/PICTURES/CMS/357600/357633.4.jpg",Mumbai Indians
Tilak Varma,Batting Allrounder,Left hand Bat,Right arm Offbreak,"https://img1.hscicdn.com/image/upload/f_auto,t_h_100_2x/lsci/db/PICTURES/CMS/314700/314790.jpg",Mumbai Indians
Vishnu Vinod,Wicketkeeper Batter,Right hand Bat,DNB,"https://img1.hscicdn.com/image/upload/f_auto,t_h_100_2x/lsci/db/PICTURES/CMS/357600/357639.4.jpg",Mumbai Indians
Nehal Wadhera,Top order Batter,Left hand Bat,Legbreak,"https://img1.hscicdn.com/image/upload/f_auto,t_h_100_2x/lsci/db/PICTURES/CMS/357800/357843.1.png",Mumbai Indians
Suryakumar Yadav,Batter,Right hand Bat,Right arm Offbreak,"https://img1.hscicdn.com/image/upload/f_auto,t_h_100_2x/lsci/db/PICTURES/CMS/329300/329343.4.jpg",Mumbai Indians
Jofra Archer,Bowler,Right hand Bat,Right arm Fast,"https://img1.hscicdn.com/image/upload/f_auto,t_h_100_2x/lsci/db/PICTURES/CMS/305000/305033.jpg",Mumbai Indians
Jasprit Bumrah,Bowler,Right hand Bat,Right arm Fast,"https://img1.hscicdn.com/image/upload/f_auto,t_h_100_2x/lsci/db/PICTURES/CMS/356800/356849.1.png",Mumbai Indians
Jhye Richardson,Bowler,Right hand Bat,Right arm Fast,"https://img1.hscicdn.com/image/upload/f_auto,t_h_100_2x/lsci/db/PICTURES/CMS/218400/218405.1.jpg",Mumbai Indians
Shikhar Dhawan,Opening Batter,Left hand Bat,Right arm Offbreak,"https://img1.hscicdn.com/image/upload/f_auto,t_h_100_2x/lsci/db/PICTURES/CMS/302300/302373.jpg",Punjab Kings
Arshdeep Singh,Bowler,Left hand Bat,Left arm Medium fast,"https://img1.hscicdn.com/image/upload/f_auto,t_h_100_2x/lsci/db/PICTURES/CMS/356700/356795.1.png",Punjab Kings
Baltej Singh,Bowler,Right hand Bat,Right arm Medium,"https://img1.hscicdn.com/image/upload/f_auto,t_h_100_2x/lsci/db/PICTURES/CMS/356700/356797.1.png",Punjab Kings
Rahul Chahar,Bowler,Right hand Bat,Legbreak Googly,"https://img1.hscicdn.com/image/upload/f_auto,t_h_100_2x/lsci/db/PICTURES/CMS/329300/329346.4.jpg",Punjab Kings
Sam Curran,Allrounder,Left hand Bat,Left arm Medium fast,"https://img1.hscicdn.com/image/upload/f_auto,t_h_100_2x/lsci/db/PICTURES/CMS/304300/304324.jpg",Punjab Kings
Rishi Dhawan,Allrounder,Right hand Bat,Right arm Medium fast,"https://img1.hscicdn.com/image/upload/f_auto,t_h_100_2x/lsci/db/PICTURES/CMS/314900/314991.jpg",Punjab Kings
Nathan Ellis,Bowler,Right hand Bat,Right arm Fast medium,"https://img1.hscicdn.com/image/upload/f_auto,t_h_100_2x/lsci/db/PICTURES/CMS/327000/327014.4.jpg",Punjab Kings
Gurnoor Brar,Bowler,Left hand Bat,Right arm Fast,"https://img1.hscicdn.com/image/upload/f_auto,t_h_100_2x/lsci/db/PICTURES/CMS/357500/357585.4.jpg",Punjab Kings
Harpreet Brar,Bowler,Left hand Bat,Slow Left arm Orthodox,"https://img1.hscicdn.com/image/upload/f_auto,t_h_100_2x/lsci/db/PICTURES/CMS/357000/357021.1.png",Punjab Kings
Harpreet Singh,Batter,Left hand Bat,Right arm Medium,"https://img1.hscicdn.com/image/upload/f_auto,t_h_100_2x/lsci/db/PICTURES/CMS/314900/314906.jpg",Punjab Kings
Vidwath Kaverappa,Bowler,Right hand Bat,Right arm Fast medium,https://wassets.hscicdn.com/static/images/player-jersey.svg,Punjab Kings
Liam Livingstone,Batting Allrounder,Right hand Bat,Right arm Offbreak,"https://img1.hscicdn.com/image/upload/f_auto,t_h_100_2x/lsci/db/PICTURES/CMS/356700/356798.1.png",Punjab Kings
Mohit Rathee,Allrounder,Right hand Bat,Legbreak,"https://img1.hscicdn.com/image/upload/f_auto,t_h_100_2x/lsci/db/PICTURES/CMS/357300/357393.1.png",Punjab Kings
Prabhsimran Singh,Wicketkeeper Batter,Right hand Bat,DNB,"https://img1.hscicdn.com/image/upload/f_auto,t_h_100_2x/lsci/db/PICTURES/CMS/352900/352932.4.jpg",Punjab Kings
Kagiso Rabada,Bowler,Left hand Bat,Right arm Fast,"https://img1.hscicdn.com/image/upload/f_auto,t_h_100_2x/lsci/db/PICTURES/CMS/317900/317954.jpg",Punjab Kings
Bhanuka Rajapaksa,Top order Batter,Left hand Bat,Right arm Medium,"https://img1.hscicdn.com/image/upload/f_auto,t_h_100_2x/lsci/db/PICTURES/CMS/338100/338183.4.jpg",Punjab Kings
M Shahrukh Khan,Batter,Right hand Bat,Right arm Offbreak,"https://img1.hscicdn.com/image/upload/f_auto,t_h_100_2x/lsci/db/PICTURES/CMS/357500/357536.4.jpg",Punjab Kings
Jitesh Sharma,Wicketkeeper Batter,Right hand Bat,DNB,https://wassets.hscicdn.com/static/images/player-jersey.svg,Punjab Kings
Shivam Singh,Middle order Batter,Right hand Bat,Right arm Offbreak,https://wassets.hscicdn.com/static/images/player-jersey.svg,Punjab Kings
Matthew Short,Top order Batter,Right hand Bat,Right arm Offbreak,"https://img1.hscicdn.com/image/upload/f_auto,t_h_100_2x/lsci/db/PICTURES/CMS/179400/179415.1.jpg",Punjab Kings
Sikandar Raza,Batting Allrounder,Right hand Bat,Right arm Offbreak,"https://img1.hscicdn.com/image/upload/f_auto,t_h_100_2x/lsci/db/PICTURES/CMS/181300/181305.1.jpg",Punjab Kings
Atharva Taide,Batting Allrounder,Left hand Bat,Slow Left arm Orthodox,"https://img1.hscicdn.com/image/upload/f_auto,t_h_100_2x/lsci/db/PICTURES/CMS/357000/357037.1.png",Punjab Kings
Jonny Bairstow,Wicketkeeper Batter,Right hand Bat,Right arm Medium,"https://img1.hscicdn.com/image/upload/f_auto,t_h_100_2x/lsci/db/PICTURES/CMS/304900/304906.jpg",Punjab Kings
RajÂ Bawa,Allrounder,Left hand Bat,Right arm Medium fast,"https://img1.hscicdn.com/image/upload/f_auto,t_h_100_2x/lsci/db/PICTURES/CMS/337400/337424.4.jpg",Punjab Kings
Sanju Samson,Wicketkeeper Batter,Right hand Bat,DNB,"https://img1.hscicdn.com/image/upload/f_auto,t_h_100_2x/lsci/db/PICTURES/CMS/318800/318843.jpg",Rajasthan Royals
Abdul Basith,Allrounder,Right hand Bat,Right arm Offbreak,https://wassets.hscicdn.com/static/images/player-jersey.svg,Rajasthan Royals
Murugan Ashwin,Bowler,Right hand Bat,Legbreak Googly,"https://img1.hscicdn.com/image/upload/f_auto,t_h_100_2x/lsci/db/PICTURES/CMS/309000/309077.jpg",Rajasthan Royals
Ravichandran Ashwin,Bowling Allrounder,Right hand Bat,Right arm Offbreak,"https://img1.hscicdn.com/image/upload/f_auto,t_h_100_2x/lsci/db/PICTURES/CMS/302300/302395.jpg",Rajasthan Royals
KM Asif,Bowler,Right hand Bat,Right arm Medium,"https://img1.hscicdn.com/image/upload/f_auto,t_h_100_2x/lsci/db/PICTURES/CMS/356800/356800.1.png",Rajasthan Royals
Trent Boult,Bowler,Right hand Bat,Left arm Fast medium,"https://img1.hscicdn.com/image/upload/f_auto,t_h_100_2x/lsci/db/PICTURES/CMS/303600/303673.jpg",Rajasthan Royals
Jos Buttler,Wicketkeeper Batter,Right hand Bat,DNB,"https://img1.hscicdn.com/image/upload/f_auto,t_h_100_2x/lsci/db/PICTURES/CMS/303900/303969.jpg",Rajasthan Royals
KC Cariappa,Bowler,Right hand Bat,Legbreak,"https://img1.hscicdn.com/image/upload/f_auto,t_h_100_2x/lsci/db/PICTURES/CMS/356800/356801.1.png",Rajasthan Royals
Yuzvendra Chahal,Bowler,Right hand Bat,Legbreak Googly,"https://img1.hscicdn.com/image/upload/f_auto,t_h_100_2x/lsci/db/PICTURES/CMS/312100/312155.png",Rajasthan Royals
Donovan Ferreira,Allrounder,Right hand Bat,DNB,"https://img1.hscicdn.com/image/upload/f_auto,t_h_100_2x/lsci/db/PICTURES/CMS/356800/356889.1.png",Rajasthan Royals
Shimron Hetmyer,Top order Batter,Left hand Bat,DNB,"https://img1.hscicdn.com/image/upload/f_auto,t_h_100_2x/lsci/db/PICTURES/CMS/356800/356802.1.png",Rajasthan Royals
Jason Holder,Bowling Allrounder,Right hand Bat,Right arm Medium fast,"https://img1.hscicdn.com/image/upload/f_auto,t_h_100_2x/lsci/db/PICTURES/CMS/214700/214757.1.jpg",Rajasthan Royals
Yashasvi Jaiswal,Opening Batter,Left hand Bat,Legbreak,"https://img1.hscicdn.com/image/upload/f_auto,t_h_100_2x/lsci/db/PICTURES/CMS/356800/356803.1.png",Rajasthan Royals
Dhruv Jurel,Wicketkeeper Batter,Right hand Bat,DNB,"https://img1.hscicdn.com/image/upload/f_auto,t_h_100_2x/lsci/db/PICTURES/CMS/338100/338190.4.jpg",Rajasthan Royals
Obed McCoy,Bowler,Left hand Bat,Left arm Fast medium,"https://img1.hscicdn.com/image/upload/f_auto,t_h_100_2x/lsci/db/PICTURES/CMS/322000/322031.png",Rajasthan Royals
Devdutt Padikkal,Top order Batter,Left hand Bat,Right arm Offbreak,"https://img1.hscicdn.com/image/upload/f_auto,t_h_100_2x/lsci/db/PICTURES/CMS/308600/308625.1.jpg",Rajasthan Royals
Riyan Parag,Top order Batter,Right hand Bat,Legbreak,"https://img1.hscicdn.com/image/upload/f_auto,t_h_100_2x/lsci/db/PICTURES/CMS/271800/271898.jpg",Rajasthan Royals
Kunal Singh Rathore,Wicketkeeper Batter,Left hand Bat,DNB,https://wassets.hscicdn.com/static/images/player-jersey.svg,Rajasthan Royals
Joe Root,Top order Batter,Right hand Bat,Right arm Offbreak,"https://img1.hscicdn.com/image/upload/f_auto,t_h_100_2x/lsci/db/PICTURES/CMS/303900/303966.jpg",Rajasthan Royals
Navdeep Saini,Bowler,Right hand Bat,Right arm Fast,"https://img1.hscicdn.com/image/upload/f_auto,t_h_100_2x/lsci/db/PICTURES/CMS/356800/356809.1.png",Rajasthan Royals
Sandeep Sharma,Bowler,Right hand Bat,Right arm Medium,"https://img1.hscicdn.com/image/upload/f_auto,t_h_100_2x/lsci/db/PICTURES/CMS/149100/149117.jpg",Rajasthan Royals
Kuldeep Sen,Bowler,Right hand Bat,Right arm Fast,https://wassets.hscicdn.com/static/images/player-jersey.svg,Rajasthan Royals
Akash Vasisht,Allrounder,Left hand Bat,Slow Left arm Orthodox,"https://img1.hscicdn.com/image/upload/f_auto,t_h_100_2x/lsci/db/PICTURES/CMS/314900/314993.jpg",Rajasthan Royals
Kuldip Yadav,Bowler,Left hand Bat,Left arm Fast medium,https://wassets.hscicdn.com/static/images/player-jersey.svg,Rajasthan Royals
Adam Zampa,Bowler,Right hand Bat,Legbreak Googly,"https://img1.hscicdn.com/image/upload/f_auto,t_h_100_2x/lsci/db/PICTURES/CMS/263500/263543.1.jpg",Rajasthan Royals
Prasidh Krishna,Bowler,Right hand Bat,Right arm Fast medium,"https://img1.hscicdn.com/image/upload/f_auto,t_h_100_2x/lsci/db/PICTURES/CMS/356800/356808.1.png",Rajasthan Royals
Faf du Plessis,Middle order Batter,Right hand Bat,Legbreak,"https://img1.hscicdn.com/image/upload/f_auto,t_h_100_2x/lsci/db/PICTURES/CMS/317900/317961.jpg",Royal Challengers Bangalore
Akash Deep,Bowling Allrounder,Right hand Bat,Right arm Fast medium,"https://img1.hscicdn.com/image/upload/f_auto,t_h_100_2x/lsci/db/PICTURES/CMS/356800/356814.1.png",Royal Challengers Bangalore
Finn Allen,Top order Batter,Right hand Bat,DNB,"https://img1.hscicdn.com/image/upload/f_auto,t_h_100_2x/lsci/db/PICTURES/CMS/271800/271806.jpg",Royal Challengers Bangalore
Anuj Rawat,Wicketkeeper Batter,Left hand Bat,DNB,"https://img1.hscicdn.com/image/upload/f_auto,t_h_100_2x/lsci/db/PICTURES/CMS/357600/357621.7.jpg",Royal Challengers Bangalore
Avinash Singh,Bowler,Right hand Bat,Right arm Fast,"https://img1.hscicdn.com/image/upload/f_auto,t_h_100_2x/lsci/db/PICTURES/CMS/357600/357627.4.jpg",Royal Challengers Bangalore
Manoj Bhandage,Allrounder,Left hand Bat,Right arm Medium fast,"https://img1.hscicdn.com/image/upload/f_auto,t_h_100_2x/lsci/db/PICTURES/CMS/357600/357622.4.jpg",Royal Challengers Bangalore
Michael Bracewell,Batting Allrounder,Left hand Bat,Right arm Offbreak,"https://img1.hscicdn.com/image/upload/f_auto,t_h_100_2x/lsci/db/PICTURES/CMS/356800/356810.1.png",Royal Challengers Bangalore
Wanindu Hasaranga,Allrounder,Right hand Bat,Legbreak,"https://img1.hscicdn.com/image/upload/f_auto,t_h_100_2x/lsci/db/PICTURES/CMS/294200/294296.jpg",Royal Challengers Bangalore
Josh Hazlewood,Bowler,Left hand Bat,Right arm Fast medium,"https://img1.hscicdn.com/image/upload/f_auto,t_h_100_2x/lsci/db/PICTURES/CMS/263500/263531.1.jpg",Royal Challengers Bangalore
Kedar Jadhav,Batting Allrounder,Right hand Bat,Right arm Offbreak,"https://img1.hscicdn.com/image/upload/f_auto,t_h_100_2x/lsci/db/PICTURES/CMS/302500/302569.jpg",Royal Challengers Bangalore
Dinesh Karthik,Wicketkeeper Batter,Right hand Bat,Right arm Offbreak,"https://img1.hscicdn.com/image/upload/f_auto,t_h_100_2x/lsci/db/PICTURES/CMS/304100/304195.png",Royal Challengers Bangalore
Siddarth Kaul,Bowler,Right hand Bat,Right arm Medium,"https://img1.hscicdn.com/image/upload/f_auto,t_h_100_2x/lsci/db/PICTURES/CMS/309000/309092.png",Royal Challengers Bangalore
Virat Kohli,Top order Batter,Right hand Bat,Right arm Medium,"https://img1.hscicdn.com/image/upload/f_auto,t_h_100_2x/lsci/db/PICTURES/CMS/289000/289002.1.jpg",Royal Challengers Bangalore
Mahipal Lomror,Allrounder,Left hand Bat,Slow Left arm Orthodox,"https://img1.hscicdn.com/image/upload/f_auto,t_h_100_2x/lsci/db/PICTURES/CMS/315000/315015.jpg",Royal Challengers Bangalore
Glenn Maxwell,Batting Allrounder,Right hand Bat,Right arm Offbreak,"https://img1.hscicdn.com/image/upload/f_auto,t_h_100_2x/lsci/db/PICTURES/CMS/263500/263539.1.jpg",Royal Challengers Bangalore
Mohammed Siraj,Bowler,Right hand Bat,Right arm Fast,"https://img1.hscicdn.com/image/upload/f_auto,t_h_100_2x/lsci/db/PICTURES/CMS/315600/315604.jpg",Royal Challengers Bangalore
Wayne Parnell,Bowler,Left hand Bat,Left arm Medium fast,"https://img1.hscicdn.com/image/upload/f_auto,t_h_100_2x/lsci/db/PICTURES/CMS/263700/263777.1.jpg",Royal Challengers Bangalore
Harshal Patel,Bowler,Right hand Bat,Right arm Medium,"https://img1.hscicdn.com/image/upload/f_auto,t_h_100_2x/lsci/db/PICTURES/CMS/309100/309102.png",Royal Challengers Bangalore
Suyash Prabhudessai,Batting Allrounder,Right hand Bat,Right arm Medium,"https://img1.hscicdn.com/image/upload/f_auto,t_h_100_2x/lsci/db/PICTURES/CMS/357600/357630.4.jpg",Royal Challengers Bangalore
Rajan Kumar,Bowler,Left hand Bat,Left arm Medium fast,"https://img1.hscicdn.com/image/upload/f_auto,t_h_100_2x/lsci/db/PICTURES/CMS/357600/357625.4.jpg",Royal Challengers Bangalore
Shahbaz Ahmed,Allrounder,Left hand Bat,Slow Left arm Orthodox,"https://img1.hscicdn.com/image/upload/f_auto,t_h_100_2x/lsci/db/PICTURES/CMS/308600/308627.1.jpg",Royal Challengers Bangalore
Himanshu Sharma,Bowler,Right hand Bat,Legbreak,"https://img1.hscicdn.com/image/upload/f_auto,t_h_100_2x/lsci/db/PICTURES/CMS/357600/357624.4.jpg",Royal Challengers Bangalore
Karn Sharma,Bowler,Left hand Bat,Legbreak Googly,"https://img1.hscicdn.com/image/upload/f_auto,t_h_100_2x/lsci/db/PICTURES/CMS/309100/309104.png",Royal Challengers Bangalore
Sonu Yadav,Allrounder,Right hand Bat,Right arm Medium fast,"https://img1.hscicdn.com/image/upload/f_auto,t_h_100_2x/lsci/db/PICTURES/CMS/357600/357623.4.jpg",Royal Challengers Bangalore
Vijaykumar Vyshak,Bowler,Right hand Bat,Right arm Medium,https://wassets.hscicdn.com/static/images/player-jersey.svg,Royal Challengers Bangalore
Will Jacks,Batter,Right hand Bat,Right arm Offbreak,"https://img1.hscicdn.com/image/upload/f_auto,t_h_100_2x/lsci/db/PICTURES/CMS/296200/296209.1.jpg",Royal Challengers Bangalore
Rajat Patidar,Top order Batter,Right hand Bat,Right arm Offbreak,https://wassets.hscicdn.com/static/images/player-jersey.svg,Royal Challengers Bangalore
Reece Topley,Bowler,Right hand Bat,Left arm Fast medium,"https://img1.hscicdn.com/image/upload/f_auto,t_h_100_2x/lsci/db/PICTURES/CMS/356800/356811.1.png",Royal Challengers Bangalore
David Willey,Bowling Allrounder,Left hand Bat,Left arm Fast medium,"https://img1.hscicdn.com/image/upload/f_auto,t_h_100_2x/lsci/db/PICTURES/CMS/305000/305028.jpg",Royal Challengers Bangalore
Aiden Markram,Opening Batter,Right hand Bat,Right arm Offbreak,"https://img1.hscicdn.com/image/upload/f_auto,t_h_100_2x/lsci/db/PICTURES/CMS/317900/317970.jpg",Sunrisers Hyderabad
Abdul Samad,Batter,Right hand Bat,Legbreak,"https://img1.hscicdn.com/image/upload/f_auto,t_h_100_2x/lsci/db/PICTURES/CMS/295300/295304.jpg",Sunrisers Hyderabad
Abhishek Sharma,Allrounder,Left hand Bat,Slow Left arm Orthodox,"https://img1.hscicdn.com/image/upload/f_auto,t_h_100_2x/lsci/db/PICTURES/CMS/356800/356824.1.png",Sunrisers Hyderabad
Mayank Agarwal,Batter,Right hand Bat,Right arm Offbreak,"https://img1.hscicdn.com/image/upload/f_auto,t_h_100_2x/lsci/db/PICTURES/CMS/302300/302377.jpg",Sunrisers Hyderabad
Anmolpreet Singh,Batter,Right hand Bat,Right arm Offbreak,"https://img1.hscicdn.com/image/upload/f_auto,t_h_100_2x/lsci/db/PICTURES/CMS/356800/356823.1.png",Sunrisers Hyderabad
Harry Brook,Batter,Right hand Bat,Right arm Medium,"https://img1.hscicdn.com/image/upload/f_auto,t_h_100_2x/lsci/db/PICTURES/CMS/271800/271830.jpg",Sunrisers Hyderabad
Mayank Dagar,Bowler,Right hand Bat,Slow Left arm Orthodox,"https://img1.hscicdn.com/image/upload/f_auto,t_h_100_2x/lsci/db/PICTURES/CMS/356800/356822.1.png",Sunrisers Hyderabad
Fazalhaq Farooqi,Bowler,Right hand Bat,Left arm Fast medium,"https://img1.hscicdn.com/image/upload/f_auto,t_h_100_2x/lsci/db/PICTURES/CMS/306700/306755.3.jpg",Sunrisers Hyderabad
Akeal Hosein,Bowler,Left hand Bat,Slow Left arm Orthodox,"https://img1.hscicdn.com/image/upload/f_auto,t_h_100_2x/lsci/db/PICTURES/CMS/326100/326139.4.jpg",Sunrisers Hyderabad
Marco Jansen,Bowling Allrounder,Right hand Bat,Left arm Medium fast,"https://img1.hscicdn.com/image/upload/f_auto,t_h_100_2x/lsci/db/PICTURES/CMS/335000/335050.4.jpg",Sunrisers Hyderabad
Kartik Tyagi,Bowler,Right hand Bat,Right arm Fast,"https://img1.hscicdn.com/image/upload/f_auto,t_h_100_2x/lsci/db/PICTURES/CMS/299800/299848.1.jpg",Sunrisers Hyderabad
Heinrich Klaasen,Wicketkeeper Batter,Right hand Bat,Right arm Offbreak,"https://img1.hscicdn.com/image/upload/f_auto,t_h_100_2x/lsci/db/PICTURES/CMS/317900/317958.jpg",Sunrisers Hyderabad
Bhuvneshwar Kumar,Bowler,Right hand Bat,Right arm Medium,"https://img1.hscicdn.com/image/upload/f_auto,t_h_100_2x/lsci/db/PICTURES/CMS/304100/304194.png",Sunrisers Hyderabad
Mayank Markande,Bowler,Right hand Bat,Legbreak,"https://img1.hscicdn.com/image/upload/f_auto,t_h_100_2x/lsci/db/PICTURES/CMS/356800/356819.1.png",Sunrisers Hyderabad
T Natarajan,Bowler,Left hand Bat,Left arm Medium,"https://img1.hscicdn.com/image/upload/f_auto,t_h_100_2x/lsci/db/PICTURES/CMS/315600/315602.jpg",Sunrisers Hyderabad
Nitish Kumar Reddy,Batting Allrounder,Right hand Bat,Right arm Medium fast,"https://img1.hscicdn.com/image/upload/f_auto,t_h_100_2x/lsci/db/PICTURES/CMS/314800/314899.png",Sunrisers Hyderabad
Glenn Phillips,Wicketkeeper Batter,Right hand Bat,Right arm Offbreak,"https://img1.hscicdn.com/image/upload/f_auto,t_h_100_2x/lsci/db/PICTURES/CMS/303500/303599.jpg",Sunrisers Hyderabad
Adil Rashid,Bowler,Right hand Bat,Legbreak,"https://img1.hscicdn.com/image/upload/f_auto,t_h_100_2x/lsci/db/PICTURES/CMS/289600/289662.1.jpg",Sunrisers Hyderabad
Sanvir Singh,Allrounder,Right hand Bat,Right arm Medium,"https://img1.hscicdn.com/image/upload/f_auto,t_h_100_2x/lsci/db/PICTURES/CMS/357500/357584.4.jpg",Sunrisers Hyderabad
Rahul Tripathi,Top order Batter,Right hand Bat,Right arm Medium,"https://img1.hscicdn.com/image/upload/f_auto,t_h_100_2x/lsci/db/PICTURES/CMS/356800/356821.1.png",Sunrisers Hyderabad
Umran Malik,Bowler,Right hand Bat,Right arm Fast,"https://img1.hscicdn.com/image/upload/f_auto,t_h_100_2x/lsci/db/PICTURES/CMS/356800/356816.1.png",Sunrisers Hyderabad
Vivrant Sharma,Allrounder,Left hand Bat,Legbreak Googly,https://wassets.hscicdn.com/static/images/player-jersey.svg,Sunrisers Hyderabad
Samarth Vyas,Allrounder,Right hand Bat,Legbreak Googly,https://wassets.hscicdn.com/static/images/player-jersey.svg,Sunrisers Hyderabad
Upendra Yadav,Wicketkeeper Batter,Right hand Bat,Right arm Offbreak,https://wassets.hscicdn.com/static/images/player-jersey.svg,Sunrisers Hyderabad
Washington Sundar,Bowling Allrounder,Left hand Bat,Right arm Offbreak,"https://img1.hscicdn.com/image/upload/f_auto,t_h_100_2x/lsci/db/PICTURES/CMS/302500/302584.jpg",Sunrisers Hyderabad
